id;titulo;artista;genero;ano;caminho
1;acolman-1-1955;aaron siskind;Abstract Expressionism;1955;Abstract_Expressionism/aaron-siskind_acolman-1-1955.jpg
2;chicago-6-1961;aaron siskind;Abstract Expressionism;1961;Abstract_Expressionism/aaron-siskind_chicago-6-1961.jpg
3;the-starry-night;vincent van gogh;Post-Impressionism;1889;Post_Impressionism/vincent-van-gogh_the-starry-night-1889.jpg
4;the-persistence-of-memory;salvador dali;Surrealism;1931;Surrealism/salvador-dali_the-persistence-of-memory-1931.jpg
5;guernica;pablo picasso;Cubism;1937;Cubism/pablo-picasso_guernica-1937.jpg
6;the-kiss;gustav klimt;Symbolism;1908;Symbolism/gustav-klimt_the-kiss-1908.jpg
7;girl-with-a-pearl-earring;johannes vermeer;Baroque;1665;Baroque/johannes-vermeer_girl-with-a-pearl-earring-1665.jpg
8;the-creation-of-adam;michelangelo;High Renaissance;1512;High_Renaissance/michelangelo_the-creation-of-adam-1512.jpg
9;composition-viii;wassily kandinsky;Abstract Expressionism;1923;Abstract_Expressionism/wassily-kandinsky_composition-viii-1923.jpg
10;untitled-unknown;unknown artist;Unknown;0;Unknown/untitled-unknown.jpg
